{"cameraMode":{"drawMode":0,"name":"Shaded","section":"Shading Mode"},"sceneLighting":true,"audioPlay":false,"sceneViewState":{"m_AlwaysRefresh":false,"showFog":true,"showSkybox":true,"showFlares":true,"showImageEffects":true,"showParticleSystems":true,"showVisualEffectGraphs":true,"m_FxEnabled":true},"in2DMode":false,"pivot":{"x":-0.029363758862018586,"y":-7.437708854675293,"z":7.281813621520996},"rotation":{"x":0.4104974567890167,"y":0.0005117548280395567,"z":0.005812893621623516,"w":0.9126342535018921},"size":10.448318481445313,"orthographic":false}